{"loss": 0.04215915873646736, "epsilon": 2.3893881634047573e-34, "avg_rewards": 1.9393939393939394, "rolling_rewards": 4.0, "_timestamp": 1675775075.913696, "_runtime": 289.06567311286926, "_step": 154796, "test_rewards": 4.0, "test_video": {"_type": "video-file", "sha256": "d8862b7620a44e90cad4ac9b9b16ad003b53ae1f0cebad7f62ba34dd5cd5e7de", "size": 39392, "path": "media/videos/test_video_152876_d8862b7620a44e90cad4.mp4", "width": 160, "height": 210, "caption": "4.0"}, "_wandb": {"runtime": 287}}