{"loss": 0.00782004278153181, "epsilon": 0.7907638760847456, "avg_rewards": -19.666666666666668, "rolling_rewards": -16.0, "_timestamp": 1675777433.829293, "_runtime": 24.865296125411987, "_step": 4696, "test_rewards": -21.0, "test_video": {"_type": "video-file", "sha256": "ce694839cb8c0bb6cd364e6d5c25ee62c0e6da1a62daa0569e81c51c58337e34", "size": 56062, "path": "media/videos/test_video_4488_ce694839cb8c0bb6cd36.mp4", "width": 160, "height": 210, "caption": "-21.0"}, "_wandb": {"runtime": 23}}