{"loss": 0.03675667196512222, "epsilon": 0.22450136323435946, "avg_rewards": 1.5454545454545454, "rolling_rewards": 0.0, "_timestamp": 1675775136.334629, "_runtime": 5.27718710899353, "_step": 2988, "_wandb": {"runtime": 213}}