{"loss": 0.00022413054830394685, "epsilon": 0.0022395002541450637, "avg_rewards": 1.3194444444444444, "rolling_rewards": 2.0, "_timestamp": 1675773806.718119, "_runtime": 202.8052318096161, "_step": 122028, "test_rewards": 2.0, "test_video": {"_type": "video-file", "sha256": "35b6d1bc21917161e55f7451952ee86382eaf0bfc4e3d3b97cf030b9eb94f19d", "size": 35141, "path": "media/videos/test_video_119980_35b6d1bc21917161e55f.mp4", "width": 160, "height": 210, "caption": "2.0"}, "_wandb": {"runtime": 201}}