{"loss": 0.0022786310873925686, "epsilon": 0.5669046307012933, "avg_rewards": 1.3111111111111111, "rolling_rewards": 0.0, "_timestamp": 1675777999.17626, "test_rewards": 1.0, "test_video": {"_type": "video-file", "sha256": "28613e6c7f6a591b7d5cd5a9feeabf94fb2af794fcd4eac4a03fcc02974c011a", "size": 63569, "path": "media/videos/test_video_11000_28613e6c7f6a591b7d5c.mp4", "width": 160, "height": 210, "caption": "1.0"}, "_runtime": 158.44866394996643, "_step": 11352, "_wandb": {"runtime": 156}}