{"loss": 0.0018070873338729143, "epsilon": 0.5528162357272751, "avg_rewards": 1.08, "rolling_rewards": 0.0, "_timestamp": 1675779652.2546828, "test_rewards": 0.0, "test_video": {"_type": "video-file", "sha256": "1fa631749904482a82f9475fcf851e10235f2966b37594ca0027437b3873290d", "size": 62596, "path": "media/videos/test_video_5500_1fa631749904482a82f9.mp4", "width": 160, "height": 210, "caption": "0.0"}, "_runtime": 215.72354078292847, "_step": 5928, "_wandb": {"runtime": 213}}