{"loss": 0.0016102053923532367, "epsilon": 5.078372672576713e-09, "avg_rewards": 1.5, "rolling_rewards": 4.0, "_timestamp": 1675775587.920938, "_runtime": 79.21339511871338, "_step": 38188, "test_rewards": 0.0, "test_video": {"_type": "video-file", "sha256": "6e932e7001947d6af98de15972989b7d00c7d8cd8f3de7592fe2a0ed3ea4bf5d", "size": 62316, "path": "media/videos/test_video_35884_6e932e7001947d6af98d.mp4", "width": 160, "height": 210, "caption": "0.0"}, "_wandb": {"runtime": 77}}