{"loss": 0.000948774628341198, "epsilon": 0.764056564007596, "avg_rewards": 1.0833333333333333, "rolling_rewards": 0.0, "_timestamp": 1675782627.332314, "test_rewards": 1.0, "test_video": {"_type": "video-file", "sha256": "05d096de1ed143ed0b42efaf67cf06b177150d9557fcbf07bd2f4ff830ed11d6", "size": 64766, "path": "media/videos/test_video_2500_05d096de1ed143ed0b42.mp4", "width": 160, "height": 210, "caption": "1.0"}, "_runtime": 63.8666090965271, "_step": 2692}