{"loss": 0.007808840833604336, "epsilon": 0.9993567919493448, "avg_rewards": 1.2895238095238095, "rolling_rewards": 1.0, "_timestamp": 1675774030.118322, "_runtime": 124.60761284828186, "_step": 128684, "test_rewards": 0.0, "test_video": {"_type": "video-file", "sha256": "55c00d0888eaa1191f4b2cb60e613dbcaa6c2850f4af3821a76e0329a4ffa68f", "size": 11113, "path": "media/videos/test_video_125996_55c00d0888eaa1191f4b.mp4", "width": 160, "height": 210, "caption": "0.0"}, "_wandb": {"runtime": 122}}