{"loss": 0.001053231186233461, "epsilon": 6.202815380082771e-05, "avg_rewards": 1.76, "rolling_rewards": 0.0, "_timestamp": 1675775792.6680892, "_runtime": 71.89036321640015, "_step": 19372, "test_rewards": 3.0, "test_video": {"_type": "video-file", "sha256": "60150067384f994e62578edc725871e0e88fb413b034d13cd7d45fa6082f7f12", "size": 67941, "path": "media/videos/test_video_18988_60150067384f994e6257.mp4", "width": 160, "height": 210, "caption": "3.0"}, "_wandb": {"runtime": 69}}