{"loss": 0.002264837734401226, "epsilon": 0.036213270042555784, "avg_rewards": 1.2307692307692308, "rolling_rewards": 3.0, "_timestamp": 1675776037.677453, "_runtime": 38.1467809677124, "_step": 6636, "test_rewards": 4.0, "test_video": {"_type": "video-file", "sha256": "38c7645bb5b7b5fbbdee8c6f8f44f1965d49ede30d61905062dc00aeecdcb911", "size": 68946, "path": "media/videos/test_video_5996_38c7645bb5b7b5fbbdee.mp4", "width": 160, "height": 210, "caption": "4.0"}, "_wandb": {"runtime": 36}}