{"loss": 0.004464657977223396, "epsilon": 0.3926748475338127, "avg_rewards": 1.375, "rolling_rewards": 4.0, "_timestamp": 1675776921.91155, "_runtime": 110.96649312973022, "_step": 18696, "test_rewards": 0.0, "test_video": {"_type": "video-file", "sha256": "2e394d7ccf7c863161449668f5e330570f9423ee6433b175685609558ccb1197", "size": 62880, "path": "media/videos/test_video_17992_2e394d7ccf7c86316144.mp4", "width": 160, "height": 210, "caption": "0.0"}, "_wandb": {"runtime": 109}}