{"loss": 0.004526226781308651, "epsilon": 0.4298275877359628, "avg_rewards": 1.578125, "rolling_rewards": 1.0, "_timestamp": 1675777728.007679, "_runtime": 115.8003249168396, "_step": 16888, "test_rewards": 0.0, "test_video": {"_type": "video-file", "sha256": "1fa631749904482a82f9475fcf851e10235f2966b37594ca0027437b3873290d", "size": 62596, "path": "media/videos/test_video_16488_1fa631749904482a82f9.mp4", "width": 160, "height": 210, "caption": "0.0"}, "_wandb": {"runtime": 114}}