{"test_rewards": 2.0, "test_video": {"_type": "video-file", "sha256": "f97ba137827746182022292a41e18acc7b8b7d6893cc6a2e98a72fe11b4acdf7", "size": 66161, "path": "media/videos/test_video_50992_f97ba137827746182022.mp4", "width": 160, "height": 210, "caption": "2.0"}, "_timestamp": 1675776276.6474319, "_runtime": 41.593793869018555, "_step": 52496, "loss": 0.03610657528042793, "epsilon": 0.9488590404326404, "avg_rewards": 1.3116279069767443, "rolling_rewards": 0.0, "_wandb": {"runtime": 41}}