{"loss": 0.0024658599868416786, "epsilon": 0.8846111922430541, "avg_rewards": 1.3623481781376519, "rolling_rewards": 0.0, "_timestamp": 1675776730.3994749, "test_rewards": 4.0, "test_video": {"_type": "video-file", "sha256": "3182e9c5326cb0b7919a9b99eefcdf508ce2548fd7ca84ac8cdc80a6dfae8c4f", "size": 19916, "path": "media/videos/test_video_122000_3182e9c5326cb0b7919a.mp4", "width": 160, "height": 210, "caption": "4.0"}, "_runtime": 397.2697238922119, "_step": 122608, "_wandb": {"runtime": 395}}