{"loss": 0.06721461564302444, "epsilon": 0.7701603577739229, "avg_rewards": -19.666666666666668, "rolling_rewards": -19.0, "_timestamp": 1675777095.76764, "_runtime": 24.005484104156494, "_step": 5224, "test_rewards": -21.0, "test_video": {"_type": "video-file", "sha256": "19158f0e8db912ae0561009ddf3269668f43d0ed1e0bc994080f6ec335bc1b70", "size": 54929, "path": "media/videos/test_video_4488_19158f0e8db912ae0561.mp4", "width": 160, "height": 210, "caption": "-21.0"}, "_wandb": {"runtime": 22}}