{"loss": 2.8853613912360743e-05, "epsilon": 2.8398196801973546e-39, "avg_rewards": 1.5454545454545454, "rolling_rewards": 1.0, "_timestamp": 1675773877.4591858, "_runtime": 34.36587476730347, "_step": 17708, "test_rewards": 1.0, "test_video": {"_type": "video-file", "sha256": "7af1bf1cc5efaa59f879c6e2a146955da93909ce561e06aa12bbd3254fb1c6ab", "size": 34477, "path": "media/videos/test_video_14892_7af1bf1cc5efaa59f879.mp4", "width": 160, "height": 210, "caption": "1.0"}, "_wandb": {"runtime": 32}}