{"loss": 0.011763940565288067, "epsilon": 6.315089685854831e-05, "avg_rewards": 1.6975308641975309, "rolling_rewards": 2.0, "_timestamp": 1675779272.941838, "test_rewards": 2.0, "test_video": {"_type": "video-file", "sha256": "d6b6f7fbf19bd555a63cc24db41896c5bf0730c2cea37b7f5b3beb896ae26f3c", "size": 67597, "path": "media/videos/test_video_96488_d6b6f7fbf19bd555a63c.mp4", "width": 160, "height": 210, "caption": "2.0"}, "_runtime": 1242.9855871200562, "_step": 96696}