{"loss": 0.04088645428419113, "epsilon": 0.8363112146037166, "avg_rewards": 0.8666666666666667, "rolling_rewards": 3.0, "_timestamp": 1675777606.2101471, "_runtime": 17.333311080932617, "_step": 3576, "test_rewards": 0.0, "test_video": {"_type": "video-file", "sha256": "596feb3f4ddc67f913cca51f4032ffdbca4cebd72f67532c8838b8b70e8fbb52", "size": 63804, "path": "media/videos/test_video_3000_596feb3f4ddc67f913cc.mp4", "width": 160, "height": 210, "caption": "0.0"}, "_wandb": {"runtime": 15}}