{"loss": 0.05586713179945946, "epsilon": 0.14771068030414614, "avg_rewards": 1.3626595030221624, "rolling_rewards": 2.0, "_timestamp": 1675774734.948132, "_runtime": 423.04642701148987, "_step": 382500, "test_rewards": 0.0, "test_video": {"_type": "video-file", "sha256": "4c41599d7c895e218bf94cdd2352639ea0c2f1c973495b90215e6e185d9cc8a6", "size": 32314, "path": "media/videos/test_video_380000_4c41599d7c895e218bf9.mp4", "width": 160, "height": 210, "caption": "0.0"}, "_wandb": {"runtime": 422}}