{"loss": 0.0015037510311231017, "epsilon": 1.2367726715124406e-06, "avg_rewards": 1.5, "rolling_rewards": 1.0, "_timestamp": 1675780998.261164, "test_rewards": 0.0, "test_video": {"_type": "video-file", "sha256": "5611267686e13f9cdd0458ad194ee5a25e52e5b5be4613f995b1e83f01eb06fb", "size": 10863, "path": "media/videos/test_video_3000_5611267686e13f9cdd04.mp4", "width": 160, "height": 210, "caption": "0.0"}, "_runtime": 63.74094605445862, "_step": 3312, "_wandb": {"runtime": 61}}