{"loss": 0.00596479419618845, "epsilon": 0.155549224497437, "avg_rewards": 1.3714285714285714, "rolling_rewards": 2.0, "_timestamp": 1675782137.6679199, "test_rewards": 2.0, "test_video": {"_type": "video-file", "sha256": "50322e7acb1052fa23014c0ad4f54f22f8b6a4abb1759cc39d88a60e839cd6f8", "size": 67006, "path": "media/videos/test_video_18500_50322e7acb1052fa2301.mp4", "width": 160, "height": 210, "caption": "2.0"}, "_runtime": 799.2849209308624, "_step": 18608, "_wandb": {"runtime": 797}}